<?xml version="1.0" encoding="UTF-8"?>
<project-private xmlns="http://www.netbeans.org/ns/project-private/1">
    <editor-bookmarks xmlns="http://www.netbeans.org/ns/editor-bookmarks/2" lastBookmarkId="1"/>
    <open-files xmlns="http://www.netbeans.org/ns/projectui-open-files/2">
        <group>
            <file>file:/H:/Year%203%20Sem%201/Internet%20Prog/IP-Project/ip-elearning-system/web/Lecturer_SubmitGrade.jsp</file>
            <file>file:/H:/Year%203%20Sem%201/Internet%20Prog/IP-Project/ip-elearning-system/web/Student_SubmitAssignment.jsp</file>
            <file>file:/H:/Year%203%20Sem%201/Internet%20Prog/IP-Project/ip-elearning-system/src/java/DAO/SubmissionDAO.java</file>
            <file>file:/H:/Year%203%20Sem%201/Internet%20Prog/IP-Project/ip-elearning-system/web/Student_ViewAssignment.jsp</file>
            <file>file:/H:/Year%203%20Sem%201/Internet%20Prog/IP-Project/ip-elearning-system/web/Lecturer_ViewAssignment.jsp</file>
            <file>file:/H:/Year%203%20Sem%201/Internet%20Prog/IP-Project/ip-elearning-system/web/Lecturer_UpdateAssignment.jsp</file>
        </group>
    </open-files>
</project-private>
